generation,episode,reward,mutationResidue,oldAA,newAA
1,1,148.14794090285724,260,G,A
1,2,157.27534432084613,216,D,P
1,3,151.5502062284666,148,W,R
1,4,153.57567020013832,263,T,R
1,5,154.81953306696744,118,V,L
1,6,152.33095833766149,41,G,A
1,7,156.62301455508296,35,L,D
1,8,150.51102617266608,183,E,Q
1,9,136.57139633729255,140,A,P
